{"mean": [0.5633150449695562, 1.0135505940161604, -0.20133763822983175, -0.5847007684766885, 1.107942218415342, -0.251946312776818, 0.7027663163285792, 1.370097883939188, -1.2844377345233822, -0.7124760397590795, 1.531104517611545, -1.3876529775459854, 0.6111969014340586, 0.7183025072635565], "std": [0.25008910617828, 0.45226779021831004, 0.3449157296572416, 0.2216133873896129, 0.22185147132018104, 0.4125025358233803, 0.3227120037361494, 0.8003790979293465, 0.9170626746978975, 0.39263083073149757, 0.6158007817697052, 1.0268880495275083, 0.4128796868580251, 0.31807113623781363]}