{"mean": [0.907069936942892, 0.15335024849813345, -0.6169523637216737, -0.9120791762680048, 0.15210517193854603, -0.6852666882271107, 1.0191936540776083, 0.07675493463435248, -1.7215744069734358, -1.0158270768209927, 0.06931357887217679, -1.8760720939970272, 0.004908129145669092, -0.012037013812285866, -0.006350182161879087, -0.004439774010201056, -0.01206524492640329, -0.0040125905179718094, 0.6257793304802548, 0.6288992983536011, 0.42531806598061994, 0.4288890111596402, -0.016099183356323522, -0.016433545594559812], "std": [0.2989010908610338, 0.21900777244159042, 0.6927427192396418, 0.31505187435700327, 0.22117985200631687, 0.7256546349092213, 0.45538582651776577, 0.4504463981717341, 1.092206043440224, 0.467412423719885, 0.45385701255236643, 1.216797975586095, 0.039945967830303276, 0.029485541446167742, 0.30727896575220104, 0.03941813604970217, 0.029460648358022885, 0.34296165172590676, 0.32219824849624207, 0.30711865530025556, 0.18595451628136025, 0.1768120229501332, 0.12720827180463043, 0.13355079126964814], "class_map": {"dumbbel_curls": 0, "shoulder_press": 1, "shoulder_side_raises": 2}}