{
    "dumbbel_curls": 0.5622611237927303,
    "shoulder_press": 0.5512482493301378,
    "shoulder_side_raises": 0.5881977348898371
}