{"mean": [1.1021566724481662, -0.34428228281716033, -1.1490672701044407, -1.1052427557326983, -0.3547131131100952, -1.2361716336955375, 0.8854656006870629, -1.5635276517824803, -2.0715988988663976, -0.8428474153888893, -1.5613498188165265, -2.2600110298779703, 0.550213359745858, 0.5554365419825188], "std": [0.12193610021760753, 0.6584180457691916, 0.28526491726019115, 0.14410242671337578, 0.6370387649798113, 0.5104022531492574, 0.09963016555403632, 0.7586930620059757, 0.6858462758461464, 0.11488879838025697, 0.7448058178024084, 1.135704596921486, 0.24441167138919973, 0.2348876196056375]}