{"mean": [0.9940657680767412, 0.6095894504818977, -0.4518698884567338, -1.0069878445143767, 0.5330807208838131, -0.513715911203616, 1.405643864291116, 1.14336899559977, -1.8408332187889769, -1.427651834044619, 0.9882894726609764, -2.049081334853662, 0.9651519053551305, 0.9429923332794777], "std": [0.18220206822620882, 0.5011007218978306, 0.6005897594639936, 0.1516937187688762, 0.49851366372742534, 0.5363100052297248, 0.36562485632066916, 1.0138663849623046, 1.0288294498119708, 0.31171084624307205, 1.0430237840421552, 1.0793933702280085, 0.02926397463378467, 0.05379538634664685]}